{"loss": [1.9116926193237305, 1.226954460144043, 1.0951621532440186, 1.0231695175170898, 0.9038904905319214, 0.8637425899505615, 0.8167433142662048, 0.7015055418014526, 0.7223598957061768, 0.6197603344917297, 0.6082585453987122, 0.5556497573852539, 0.4915539026260376, 0.5293776392936707, 0.5570653080940247, 0.5179777145385742, 0.504654586315155, 0.5576989054679871, 0.4832085967063904, 0.39028313755989075], "accuracy": [0.4097287058830261, 0.5921421647071838, 0.6454630494117737, 0.6810103058815002, 0.6922357082366943, 0.7062675356864929, 0.7259120345115662, 0.778297483921051, 0.7642656564712524, 0.7820392847061157, 0.7923292517662048, 0.8091674447059631, 0.8372310400009155, 0.8166510462760925, 0.8250701427459717, 0.8278765082359314, 0.842843770980835, 0.8129092454910278, 0.8409728407859802, 0.8699719309806824], "val_loss": [1.3168388605117798, 1.1136078834533691, 0.9383463263511658, 0.8492595553398132, 0.777937114238739, 0.7609703540802002, 0.6558254957199097, 0.6683990359306335, 0.5467352271080017, 0.5302505493164062, 0.6464210152626038, 0.4283728301525116, 0.4273310601711273, 0.4929696023464203, 0.4701360762119293, 0.3764113485813141, 0.475787490606308, 0.3664383590221405, 0.41188526153564453, 0.3354315459728241], "val_accuracy": [0.5960820913314819, 0.6408581733703613, 0.7024253606796265, 0.7136194109916687, 0.7509328126907349, 0.7639925479888916, 0.7770522236824036, 0.7639925479888916, 0.8171641826629639, 0.8171641826629639, 0.79197758436203, 0.8488805890083313, 0.8572760820388794, 0.8227611780166626, 0.8451492190361023, 0.871268630027771, 0.8460820913314819, 0.8638059496879578, 0.8563432693481445, 0.8889924883842468]}