{"loss": [2.3825039863586426, 1.7409743070602417, 1.528639554977417, 1.5063146352767944, 1.3170627355575562, 1.2566945552825928, 1.1843334436416626, 1.0968620777130127, 1.0557267665863037, 1.0434006452560425, 0.9181016087532043, 0.8560020327568054, 0.873148500919342, 0.8714552521705627, 0.8190205097198486, 0.7505579590797424, 0.7935797572135925, 0.8387460708618164], "accuracy": [0.32107022404670715, 0.46906355023384094, 0.510869562625885, 0.5150501728057861, 0.579431414604187, 0.5836120247840881, 0.6212374567985535, 0.6304347515106201, 0.6505016684532166, 0.6596989631652832, 0.692307710647583, 0.7224079966545105, 0.7040133476257324, 0.717391312122345, 0.7224079966545105, 0.7675585150718689, 0.724916398525238, 0.7399665713310242], "val_loss": [1.967475175857544, 1.3861838579177856, 1.2903270721435547, 1.172677993774414, 1.18641996383667, 1.067791223526001, 0.9088618159294128, 0.9278606176376343, 0.8635344505310059, 0.8296459317207336, 0.7459978461265564, 0.7624361515045166, 0.6294496059417725, 0.7474451065063477, 0.7361797094345093, 0.7877973914146423, 0.7560802698135376, 0.7550874948501587], "val_accuracy": [0.40833333134651184, 0.54666668176651, 0.5741666555404663, 0.6183333396911621, 0.6191666722297668, 0.6458333730697632, 0.7108333706855774, 0.6700000166893005, 0.7100000381469727, 0.737500011920929, 0.7524999976158142, 0.7416666746139526, 0.7883333563804626, 0.7408333420753479, 0.7524999976158142, 0.7308333516120911, 0.7508333325386047, 0.7300000190734863]}