{"loss": [2.0020148754119873, 1.5329501628875732, 1.3546831607818604, 1.213813066482544, 1.0515756607055664, 0.9713268876075745, 0.8317701816558838, 0.7453793287277222, 0.6592139601707458, 0.5996577143669128, 0.5370678305625916, 0.4747626483440399, 0.4287339448928833, 0.37927454710006714, 0.3409239649772644, 0.28275948762893677, 0.2834266722202301, 0.23531381785869598, 0.2520623803138733, 0.22862187027931213], "accuracy": [0.4680696725845337, 0.572568953037262, 0.6134494543075562, 0.6434445977210999, 0.6826318502426147, 0.7048863172531128, 0.7472181916236877, 0.7685050964355469, 0.7885825037956238, 0.8115626573562622, 0.8272859454154968, 0.8495404124259949, 0.8650217652320862, 0.877600371837616, 0.8933236598968506, 0.9172714352607727, 0.9117078185081482, 0.9361393451690674, 0.9240444898605347, 0.924770176410675], "val_loss": [1.5258033275604248, 1.339079737663269, 1.1192346811294556, 1.0139917135238647, 0.8643996715545654, 0.753611147403717, 0.7135692238807678, 0.6242859363555908, 0.591031551361084, 0.5317772030830383, 0.45454370975494385, 0.3870868682861328, 0.37636861205101013, 0.3608848452568054, 0.2713604271411896, 0.231029212474823, 0.2738259732723236, 0.2618118226528168, 0.19418445229530334, 0.2569900453090668], "val_accuracy": [0.587837815284729, 0.6155887842178345, 0.6667470932006836, 0.6995656490325928, 0.7386583089828491, 0.775337815284729, 0.7842664122581482, 0.8062258958816528, 0.8194980621337891, 0.8281853199005127, 0.8610038757324219, 0.8839285969734192, 0.8839285969734192, 0.8844112157821655, 0.9189189076423645, 0.9341216087341309, 0.9145752787590027, 0.9155405163764954, 0.9432914853096008, 0.9186776280403137]}