{"loss": [2.9164769649505615, 2.46191143989563, 2.35496187210083, 2.2198567390441895, 2.0964510440826416, 2.107067108154297, 2.1216580867767334, 1.9875954389572144, 1.8462347984313965, 1.9030978679656982, 1.8793723583221436, 1.715415596961975, 1.8998013734817505, 1.7269214391708374, 1.740739107131958, 1.7871131896972656, 1.6180096864700317, 1.712669849395752, 1.4878534078598022, 1.676016092300415], "accuracy": [0.2118794471025467, 0.306294322013855, 0.3470744788646698, 0.3652482330799103, 0.39716312289237976, 0.4051418602466583, 0.4064716398715973, 0.4383865296840668, 0.4552305042743683, 0.46276596188545227, 0.4685283899307251, 0.5053191781044006, 0.47074469923973083, 0.513741135597229, 0.5146276950836182, 0.4920212924480438, 0.5421099662780762, 0.5168439745903015, 0.561170220375061, 0.5385638475418091], "val_loss": [2.540550470352173, 2.264326572418213, 2.142629384994507, 1.9577490091323853, 1.9879101514816284, 1.727400541305542, 1.817732810974121, 1.8128820657730103, 1.9384387731552124, 1.7228740453720093, 1.6477859020233154, 1.7714900970458984, 1.9893838167190552, 1.809093713760376, 1.6313221454620361, 1.559454083442688, 1.3914666175842285, 1.4281302690505981, 1.6297990083694458, 1.3983919620513916], "val_accuracy": [0.27171987295150757, 0.3289007246494293, 0.3776595890522003, 0.42464539408683777, 0.3993794322013855, 0.4747340679168701, 0.47074469923973083, 0.4680851101875305, 0.4242021441459656, 0.49778369069099426, 0.5310283899307251, 0.507535457611084, 0.4401595890522003, 0.504875898361206, 0.539893627166748, 0.5593971610069275, 0.5855496525764465, 0.577570915222168, 0.5452128052711487, 0.5877659916877747]}